Geography,date,Count
ARE,Jan 2020,0.0
ARG,Jan 2020,0.0
AUS,Jan 2020,0.0
CAN,Jan 2020,0.0
CHE,Jan 2020,0.0
CHN,Jan 2020,196.0
DEU,Jan 2020,0.0
DNK,Jan 2020,0.0
FIN,Jan 2020,0.0
FJI,Jan 2020,0.0
FRA,Jan 2020,0.0
GBR,Jan 2020,0.0
HKG,Jan 2020,0.0
IND,Jan 2020,0.0
ITA,Jan 2020,0.0
JPN,Jan 2020,0.0
KHM,Jan 2020,0.0
KOR,Jan 2020,0.0
LKA,Jan 2020,0.0
MEX,Jan 2020,0.0
MYS,Jan 2020,0.0
NPL,Jan 2020,0.0
OWID_WRL,Jan 2020,196.0
PHL,Jan 2020,0.0
RUS,Jan 2020,0.0
SGP,Jan 2020,0.0
THA,Jan 2020,0.0
TWN,Jan 2020,0.0
USA,Jan 2020,0.0
VNM,Jan 2020,0.0
AFG,Feb 2020,0.0
ARE,Feb 2020,0.0
ARG,Feb 2020,0.0
AUS,Feb 2020,0.0
AUT,Feb 2020,0.0
BEL,Feb 2020,0.0
BHR,Feb 2020,0.0
BLR,Feb 2020,0.0
BRA,Feb 2020,0.0
CAN,Feb 2020,0.0
CHE,Feb 2020,0.0
CHL,Feb 2020,0.0
CHN,Feb 2020,2624.0
CZE,Feb 2020,0.0
DEU,Feb 2020,0.0
DNK,Feb 2020,0.0
DZA,Feb 2020,0.0
EGY,Feb 2020,0.0
ESP,Feb 2020,0.0
EST,Feb 2020,0.0
FIN,Feb 2020,0.0
FJI,Feb 2020,0.0
FRA,Feb 2020,2.0
GBR,Feb 2020,0.0
GEO,Feb 2020,0.0
GRC,Feb 2020,0.0
GTM,Feb 2020,0.0
HKG,Feb 2020,0.0
HRV,Feb 2020,0.0
IND,Feb 2020,0.0
IRL,Feb 2020,0.0
IRN,Feb 2020,43.0
IRQ,Feb 2020,0.0
ISL,Feb 2020,0.0
ISR,Feb 2020,0.0
ITA,Feb 2020,29.0
JPN,Feb 2020,6.0
KHM,Feb 2020,0.0
KOR,Feb 2020,16.0
KWT,Feb 2020,0.0
LBN,Feb 2020,0.0
LKA,Feb 2020,0.0
LTU,Feb 2020,0.0
LUX,Feb 2020,0.0
LVA,Feb 2020,0.0
MAR,Feb 2020,0.0
MCO,Feb 2020,0.0
MEX,Feb 2020,0.0
MKD,Feb 2020,0.0
MLT,Feb 2020,0.0
MYS,Feb 2020,0.0
NGA,Feb 2020,0.0
NLD,Feb 2020,0.0
NOR,Feb 2020,0.0
NPL,Feb 2020,0.0
NZL,Feb 2020,0.0
OMN,Feb 2020,0.0
OWID_WRL,Feb 2020,2729.0
PAK,Feb 2020,0.0
PHL,Feb 2020,1.0
PRT,Feb 2020,0.0
QAT,Feb 2020,0.0
ROU,Feb 2020,0.0
RUS,Feb 2020,0.0
SEN,Feb 2020,0.0
SGP,Feb 2020,0.0
SMR,Feb 2020,0.0
SRB,Feb 2020,0.0
SVN,Feb 2020,0.0
SWE,Feb 2020,0.0
THA,Feb 2020,0.0
TWN,Feb 2020,1.0
USA,Feb 2020,1.0
VNM,Feb 2020,0.0
ZAF,Feb 2020,0.0
AFG,Mar 2020,4.0
AGO,Mar 2020,2.0
ALB,Mar 2020,15.0
AND,Mar 2020,12.0
ARE,Mar 2020,6.0
ARG,Mar 2020,27.0
ARM,Mar 2020,3.0
ATG,Mar 2020,0.0
AUS,Mar 2020,18.0
AUT,Mar 2020,128.0
AZE,Mar 2020,5.0
BDI,Mar 2020,0.0
BEL,Mar 2020,705.0
BEN,Mar 2020,0.0
BFA,Mar 2020,14.0
BGD,Mar 2020,5.0
BGR,Mar 2020,8.0
BHR,Mar 2020,4.0
BHS,Mar 2020,0.0
BIH,Mar 2020,13.0
BLR,Mar 2020,1.0
BLZ,Mar 2020,0.0
BOL,Mar 2020,6.0
BRA,Mar 2020,201.0
BRB,Mar 2020,0.0
BRN,Mar 2020,1.0
BTN,Mar 2020,0.0
BWA,Mar 2020,1.0
CAF,Mar 2020,0.0
CAN,Mar 2020,101.0
CHE,Mar 2020,433.0
CHL,Mar 2020,12.0
CHN,Mar 2020,472.0
CIV,Mar 2020,1.0
CMR,Mar 2020,6.0
COD,Mar 2020,8.0
COG,Mar 2020,0.0
COL,Mar 2020,16.0
CPV,Mar 2020,1.0
CRI,Mar 2020,2.0
CUB,Mar 2020,6.0
CYP,Mar 2020,8.0
CZE,Mar 2020,31.0
DEU,Mar 2020,775.0
DJI,Mar 2020,0.0
DMA,Mar 2020,0.0
DNK,Mar 2020,90.0
DOM,Mar 2020,51.0
DZA,Mar 2020,44.0
ECU,Mar 2020,75.0
EGY,Mar 2020,46.0
ERI,Mar 2020,0.0
ESP,Mar 2020,8464.0
EST,Mar 2020,4.0
ETH,Mar 2020,0.0
FIN,Mar 2020,17.0
FJI,Mar 2020,0.0
FRA,Mar 2020,3524.0
GAB,Mar 2020,1.0
GBR,Mar 2020,2457.0
GEO,Mar 2020,0.0
GHA,Mar 2020,5.0
GIN,Mar 2020,0.0
GMB,Mar 2020,1.0
GNB,Mar 2020,0.0
GNQ,Mar 2020,0.0
GRC,Mar 2020,49.0
GRD,Mar 2020,0.0
GTM,Mar 2020,1.0
GUY,Mar 2020,2.0
HKG,Mar 2020,0.0
HND,Mar 2020,7.0
HRV,Mar 2020,6.0
HTI,Mar 2020,0.0
HUN,Mar 2020,16.0
IDN,Mar 2020,136.0
IND,Mar 2020,35.0
IRL,Mar 2020,71.0
IRN,Mar 2020,2855.0
IRQ,Mar 2020,50.0
ISL,Mar 2020,2.0
ISR,Mar 2020,21.0
ITA,Mar 2020,12399.0
JAM,Mar 2020,1.0
JOR,Mar 2020,5.0
JPN,Mar 2020,61.0
KAZ,Mar 2020,2.0
KEN,Mar 2020,1.0
KGZ,Mar 2020,0.0
KHM,Mar 2020,0.0
KNA,Mar 2020,0.0
KOR,Mar 2020,146.0
KWT,Mar 2020,0.0
LAO,Mar 2020,0.0
LBN,Mar 2020,12.0
LBR,Mar 2020,0.0
LBY,Mar 2020,0.0
LCA,Mar 2020,0.0
LIE,Mar 2020,0.0
LKA,Mar 2020,2.0
LTU,Mar 2020,8.0
LUX,Mar 2020,23.0
LVA,Mar 2020,0.0
MAR,Mar 2020,36.0
MCO,Mar 2020,1.0
MDA,Mar 2020,4.0
MDG,Mar 2020,0.0
MDV,Mar 2020,0.0
MEX,Mar 2020,29.0
MKD,Mar 2020,9.0
MLI,Mar 2020,2.0
MLT,Mar 2020,0.0
MMR,Mar 2020,1.0
MNE,Mar 2020,2.0
MNG,Mar 2020,0.0
MOZ,Mar 2020,0.0
MRT,Mar 2020,1.0
MUS,Mar 2020,5.0
MWI,Mar 2020,0.0
MYS,Mar 2020,43.0
NAM,Mar 2020,0.0
NER,Mar 2020,3.0
NGA,Mar 2020,2.0
NIC,Mar 2020,1.0
NLD,Mar 2020,1040.0
NOR,Mar 2020,39.0
NPL,Mar 2020,0.0
NZL,Mar 2020,1.0
OMN,Mar 2020,1.0
OWID_KOS,Mar 2020,1.0
OWID_WRL,Mar 2020,41393.0
PAK,Mar 2020,27.0
PAN,Mar 2020,30.0
PER,Mar 2020,30.0
PHL,Mar 2020,87.0
PNG,Mar 2020,0.0
POL,Mar 2020,33.0
PRT,Mar 2020,160.0
PRY,Mar 2020,3.0
PSE,Mar 2020,1.0
QAT,Mar 2020,2.0
ROU,Mar 2020,82.0
RUS,Mar 2020,17.0
RWA,Mar 2020,0.0
SAU,Mar 2020,10.0
SDN,Mar 2020,2.0
SEN,Mar 2020,0.0
SGP,Mar 2020,3.0
SLE,Mar 2020,0.0
SLV,Mar 2020,1.0
SMR,Mar 2020,26.0
SOM,Mar 2020,0.0
SRB,Mar 2020,16.0
SUR,Mar 2020,0.0
SVK,Mar 2020,0.0
SVN,Mar 2020,15.0
SWE,Mar 2020,331.0
SWZ,Mar 2020,0.0
SYC,Mar 2020,0.0
SYR,Mar 2020,2.0
TCD,Mar 2020,0.0
TGO,Mar 2020,1.0
THA,Mar 2020,10.0
TLS,Mar 2020,0.0
TTO,Mar 2020,3.0
TUN,Mar 2020,10.0
TUR,Mar 2020,214.0
TWN,Mar 2020,4.0
TZA,Mar 2020,1.0
UGA,Mar 2020,0.0
UKR,Mar 2020,17.0
URY,Mar 2020,1.0
USA,Mar 2020,5277.0
UZB,Mar 2020,2.0
VAT,Mar 2020,0.0
VCT,Mar 2020,0.0
VEN,Mar 2020,3.0
VNM,Mar 2020,0.0
ZAF,Mar 2020,5.0
ZMB,Mar 2020,0.0
ZWE,Mar 2020,1.0
AFG,Apr 2020,60.0
AGO,Apr 2020,0.0
ALB,Apr 2020,16.0
AND,Apr 2020,30.0
ARE,Apr 2020,99.0
ARG,Apr 2020,191.0
ARM,Apr 2020,29.0
ATG,Apr 2020,3.0
AUS,Apr 2020,75.0
AUT,Apr 2020,456.0
AZE,Apr 2020,19.0
BDI,Apr 2020,1.0
BEL,Apr 2020,6889.0
BEN,Apr 2020,1.0
BFA,Apr 2020,29.0
BGD,Apr 2020,163.0
BGR,Apr 2020,58.0
BHR,Apr 2020,4.0
BHS,Apr 2020,11.0
BIH,Apr 2020,56.0
BLR,Apr 2020,88.0
BLZ,Apr 2020,2.0
BOL,Apr 2020,56.0
BRA,Apr 2020,5805.0
BRB,Apr 2020,7.0
BRN,Apr 2020,0.0
BTN,Apr 2020,0.0
BWA,Apr 2020,0.0
CAF,Apr 2020,0.0
CAN,Apr 2020,3209.0
CHE,Apr 2020,1304.0
CHL,Apr 2020,215.0
CHN,Apr 2020,1328.0
CIV,Apr 2020,13.0
CMR,Apr 2020,55.0
COD,Apr 2020,23.0
COG,Apr 2020,9.0
COL,Apr 2020,277.0
COM,Apr 2020,0.0
CPV,Apr 2020,0.0
CRI,Apr 2020,4.0
CUB,Apr 2020,55.0
CYP,Apr 2020,7.0
CZE,Apr 2020,205.0
DEU,Apr 2020,5848.0
DJI,Apr 2020,2.0
DMA,Apr 2020,0.0
DNK,Apr 2020,362.0
DOM,Apr 2020,250.0
DZA,Apr 2020,406.0
ECU,Apr 2020,825.0
EGY,Apr 2020,346.0
ERI,Apr 2020,0.0
ESP,Apr 2020,16079.0
EST,Apr 2020,48.0
ETH,Apr 2020,3.0
FIN,Apr 2020,194.0
FJI,Apr 2020,0.0
FRA,Apr 2020,20823.0
GAB,Apr 2020,2.0
GBR,Apr 2020,24297.0
GEO,Apr 2020,6.0
GHA,Apr 2020,12.0
GIN,Apr 2020,7.0
GMB,Apr 2020,0.0
GNB,Apr 2020,1.0
GNQ,Apr 2020,1.0
GRC,Apr 2020,91.0
GRD,Apr 2020,0.0
GTM,Apr 2020,15.0
GUY,Apr 2020,7.0
HKG,Apr 2020,0.0
HND,Apr 2020,64.0
HRV,Apr 2020,63.0
HTI,Apr 2020,6.0
HUN,Apr 2020,296.0
IDN,Apr 2020,656.0
IND,Apr 2020,1119.0
IRL,Apr 2020,1161.0
IRN,Apr 2020,3130.0
IRQ,Apr 2020,43.0
ISL,Apr 2020,8.0
ISR,Apr 2020,204.0
ITA,Apr 2020,15539.0
JAM,Apr 2020,7.0
JOR,Apr 2020,3.0
JPN,Apr 2020,414.0
KAZ,Apr 2020,23.0
KEN,Apr 2020,16.0
KGZ,Apr 2020,8.0
KHM,Apr 2020,0.0
KNA,Apr 2020,0.0
KOR,Apr 2020,86.0
KWT,Apr 2020,26.0
LAO,Apr 2020,0.0
LBN,Apr 2020,12.0
LBR,Apr 2020,16.0
LBY,Apr 2020,3.0
LCA,Apr 2020,0.0
LIE,Apr 2020,1.0
LKA,Apr 2020,5.0
LTU,Apr 2020,37.0
LUX,Apr 2020,67.0
LVA,Apr 2020,15.0
MAR,Apr 2020,134.0
MCO,Apr 2020,3.0
MDA,Apr 2020,112.0
MDG,Apr 2020,0.0
MDV,Apr 2020,1.0
MEX,Apr 2020,1830.0
MKD,Apr 2020,68.0
MLI,Apr 2020,24.0
MLT,Apr 2020,4.0
MMR,Apr 2020,5.0
MNE,Apr 2020,5.0
MNG,Apr 2020,0.0
MOZ,Apr 2020,0.0
MRT,Apr 2020,0.0
MUS,Apr 2020,5.0
MWI,Apr 2020,3.0
MYS,Apr 2020,59.0
NAM,Apr 2020,0.0
NER,Apr 2020,29.0
NGA,Apr 2020,56.0
NIC,Apr 2020,2.0
NLD,Apr 2020,3771.0
NOR,Apr 2020,171.0
NPL,Apr 2020,0.0
NZL,Apr 2020,18.0
OMN,Apr 2020,10.0
OWID_KOS,Apr 2020,21.0
OWID_WRL,Apr 2020,192312.0
PAK,Apr 2020,390.0
PAN,Apr 2020,158.0
PER,Apr 2020,1021.0
PHL,Apr 2020,480.0
PNG,Apr 2020,0.0
POL,Apr 2020,611.0
PRT,Apr 2020,829.0
PRY,Apr 2020,7.0
PSE,Apr 2020,1.0
QAT,Apr 2020,8.0
ROU,Apr 2020,635.0
RUS,Apr 2020,1056.0
RWA,Apr 2020,0.0
SAU,Apr 2020,152.0
SDN,Apr 2020,29.0
SEN,Apr 2020,9.0
SGP,Apr 2020,12.0
SLE,Apr 2020,7.0
SLV,Apr 2020,9.0
SMR,Apr 2020,15.0
SOM,Apr 2020,28.0
SRB,Apr 2020,163.0
SSD,Apr 2020,0.0
STP,Apr 2020,0.0
SUR,Apr 2020,1.0
SVK,Apr 2020,23.0
SVN,Apr 2020,76.0
SWE,Apr 2020,2544.0
SWZ,Apr 2020,1.0
SYC,Apr 2020,0.0
SYR,Apr 2020,1.0
TCD,Apr 2020,5.0
TGO,Apr 2020,8.0
THA,Apr 2020,44.0
TJK,Apr 2020,0.0
TLS,Apr 2020,0.0
TTO,Apr 2020,5.0
TUN,Apr 2020,31.0
TUR,Apr 2020,2960.0
TWN,Apr 2020,1.0
TZA,Apr 2020,15.0
UGA,Apr 2020,0.0
UKR,Apr 2020,244.0
URY,Apr 2020,16.0
USA,Apr 2020,60750.0
UZB,Apr 2020,7.0
VAT,Apr 2020,0.0
VCT,Apr 2020,0.0
VEN,Apr 2020,13.0
VNM,Apr 2020,0.0
YEM,Apr 2020,2.0
ZAF,Apr 2020,98.0
ZMB,Apr 2020,3.0
ZWE,Apr 2020,3.0
AFG,May 2020,194.0
AGO,May 2020,2.0
ALB,May 2020,2.0
AND,May 2020,9.0
ARE,May 2020,159.0
ARG,May 2020,321.0
ARM,May 2020,99.0
ATG,May 2020,0.0
AUS,May 2020,10.0
AUT,May 2020,84.0
AZE,May 2020,39.0
BDI,May 2020,0.0
BEL,May 2020,1873.0
BEN,May 2020,2.0
BFA,May 2020,10.0
BGD,May 2020,482.0
BGR,May 2020,74.0
BHR,May 2020,11.0
BHS,May 2020,0.0
BIH,May 2020,84.0
BLR,May 2020,146.0
BLZ,May 2020,0.0
BOL,May 2020,251.0
BRA,May 2020,23308.0
BRB,May 2020,0.0
BRN,May 2020,1.0
BTN,May 2020,0.0
BWA,May 2020,0.0
CAF,May 2020,2.0
CAN,May 2020,4064.0
CHE,May 2020,183.0
CHL,May 2020,827.0
CHN,May 2020,1.0
CIV,May 2020,19.0
CMR,May 2020,130.0
COD,May 2020,41.0
COG,May 2020,11.0
COL,May 2020,646.0
COM,May 2020,2.0
CPV,May 2020,3.0
CRI,May 2020,4.0
CUB,May 2020,22.0
CYP,May 2020,2.0
CZE,May 2020,84.0
DEU,May 2020,1917.0
DJI,May 2020,22.0
DMA,May 2020,0.0
DNK,May 2020,122.0
DOM,May 2020,201.0
DZA,May 2020,203.0
ECU,May 2020,2458.0
EGY,May 2020,567.0
ERI,May 2020,0.0
ESP,May 2020,2584.0
EST,May 2020,16.0
ETH,May 2020,8.0
FIN,May 2020,109.0
FJI,May 2020,0.0
FRA,May 2020,4456.0
GAB,May 2020,14.0
GBR,May 2020,10773.0
GEO,May 2020,6.0
GHA,May 2020,19.0
GIN,May 2020,16.0
GMB,May 2020,0.0
GNB,May 2020,7.0
GNQ,May 2020,11.0
GRC,May 2020,35.0
GRD,May 2020,0.0
GTM,May 2020,92.0
GUY,May 2020,3.0
HKG,May 2020,0.0
HND,May 2020,141.0
HRV,May 2020,34.0
HTI,May 2020,29.0
HUN,May 2020,214.0
IDN,May 2020,821.0
IND,May 2020,4254.0
IRL,May 2020,420.0
IRN,May 2020,1769.0
IRQ,May 2020,112.0
ISL,May 2020,0.0
ISR,May 2020,62.0
ITA,May 2020,5448.0
JAM,May 2020,1.0
JOR,May 2020,1.0
JPN,May 2020,417.0
KAZ,May 2020,15.0
KEN,May 2020,47.0
KGZ,May 2020,8.0
KHM,May 2020,0.0
KNA,May 2020,0.0
KOR,May 2020,23.0
KWT,May 2020,186.0
LAO,May 2020,0.0
LBN,May 2020,3.0
LBR,May 2020,11.0
LBY,May 2020,2.0
LCA,May 2020,0.0
LIE,May 2020,0.0
LKA,May 2020,3.0
LSO,May 2020,0.0
LTU,May 2020,25.0
LUX,May 2020,20.0
LVA,May 2020,9.0
MAR,May 2020,35.0
MCO,May 2020,0.0
MDA,May 2020,179.0
MDG,May 2020,6.0
MDV,May 2020,4.0
MEX,May 2020,8071.0
MKD,May 2020,56.0
MLI,May 2020,51.0
MLT,May 2020,5.0
MMR,May 2020,0.0
MNE,May 2020,2.0
MNG,May 2020,0.0
MOZ,May 2020,2.0
MRT,May 2020,22.0
MUS,May 2020,0.0
MWI,May 2020,1.0
MYS,May 2020,13.0
NAM,May 2020,0.0
NER,May 2020,32.0
NGA,May 2020,229.0
NIC,May 2020,32.0
NLD,May 2020,1164.0
NOR,May 2020,26.0
NPL,May 2020,8.0
NZL,May 2020,3.0
OMN,May 2020,38.0
OWID_KOS,May 2020,8.0
OWID_WRL,May 2020,138024.0
PAK,May 2020,1126.0
PAN,May 2020,148.0
PER,May 2020,3455.0
PHL,May 2020,389.0
PNG,May 2020,0.0
POL,May 2020,420.0
PRT,May 2020,421.0
PRY,May 2020,1.0
PSE,May 2020,1.0
QAT,May 2020,28.0
ROU,May 2020,549.0
RUS,May 2020,3620.0
RWA,May 2020,1.0
SAU,May 2020,341.0
SDN,May 2020,255.0
SEN,May 2020,33.0
SGP,May 2020,8.0
SLE,May 2020,39.0
SLV,May 2020,36.0
SMR,May 2020,1.0
SOM,May 2020,50.0
SRB,May 2020,64.0
SSD,May 2020,10.0
STP,May 2020,12.0
SUR,May 2020,0.0
SVK,May 2020,5.0
SVN,May 2020,17.0
SWE,May 2020,1750.0
SWZ,May 2020,1.0
SYC,May 2020,0.0
SYR,May 2020,2.0
TCD,May 2020,60.0
TGO,May 2020,4.0
THA,May 2020,3.0
TJK,May 2020,47.0
TLS,May 2020,0.0
TTO,May 2020,0.0
TUN,May 2020,7.0
TUR,May 2020,1366.0
TWN,May 2020,1.0
TZA,May 2020,5.0
UGA,May 2020,0.0
UKR,May 2020,447.0
URY,May 2020,5.0
USA,May 2020,41727.0
UZB,May 2020,6.0
VAT,May 2020,0.0
VCT,May 2020,0.0
VEN,May 2020,-2.0
VNM,May 2020,0.0
YEM,May 2020,78.0
ZAF,May 2020,580.0
ZMB,May 2020,4.0
ZWE,May 2020,0.0
AFG,Jun 2020,494.0
AGO,Jun 2020,9.0
ALB,Jun 2020,29.0
AND,Jun 2020,1.0
ARE,Jun 2020,51.0
ARG,Jun 2020,768.0
ARM,Jun 2020,312.0
ATG,Jun 2020,0.0
AUS,Jun 2020,1.0
AUT,Jun 2020,37.0
AZE,Jun 2020,150.0
BDI,Jun 2020,0.0
BEL,Jun 2020,280.0
BEN,Jun 2020,18.0
BFA,Jun 2020,0.0
BGD,Jun 2020,1197.0
BGR,Jun 2020,90.0
BHR,Jun 2020,68.0
BHS,Jun 2020,0.0
BIH,Jun 2020,33.0
BLR,Jun 2020,157.0
BLZ,Jun 2020,0.0
BOL,Jun 2020,810.0
BRA,Jun 2020,30280.0
BRB,Jun 2020,0.0
BRN,Jun 2020,1.0
BTN,Jun 2020,0.0
BWA,Jun 2020,0.0
CAF,Jun 2020,45.0
CAN,Jun 2020,1276.0
CHE,Jun 2020,43.0
CHL,Jun 2020,4634.0
CHN,Jun 2020,3.0
CIV,Jun 2020,35.0
CMR,Jun 2020,122.0
COD,Jun 2020,98.0
COG,Jun 2020,17.0
COL,Jun 2020,2395.0
COM,Jun 2020,5.0
CPV,Jun 2020,11.0
CRI,Jun 2020,6.0
CUB,Jun 2020,3.0
CYP,Jun 2020,2.0
CZE,Jun 2020,29.0
DEU,Jun 2020,450.0
DJI,Jun 2020,30.0
DMA,Jun 2020,0.0
DNK,Jun 2020,31.0
DOM,Jun 2020,245.0
DZA,Jun 2020,259.0
ECU,Jun 2020,1169.0
EGY,Jun 2020,1994.0
ERI,Jun 2020,0.0
ESP,Jun 2020,1228.0
EST,Jun 2020,1.0
ETH,Jun 2020,92.0
FIN,Jun 2020,8.0
FJI,Jun 2020,0.0
FRA,Jun 2020,1041.0
GAB,Jun 2020,25.0
GBR,Jun 2020,2952.0
GEO,Jun 2020,3.0
GHA,Jun 2020,76.0
GIN,Jun 2020,10.0
GMB,Jun 2020,1.0
GNB,Jun 2020,16.0
GNQ,Jun 2020,20.0
GRC,Jun 2020,17.0
GRD,Jun 2020,0.0
GTM,Jun 2020,665.0
GUY,Jun 2020,0.0
HKG,Jun 2020,0.0
HND,Jun 2020,285.0
HRV,Jun 2020,4.0
HTI,Jun 2020,69.0
HUN,Jun 2020,59.0
IDN,Jun 2020,1263.0
IND,Jun 2020,11992.0
IRL,Jun 2020,84.0
IRN,Jun 2020,3020.0
IRQ,Jun 2020,1738.0
ISL,Jun 2020,0.0
ISR,Jun 2020,40.0
ITA,Jun 2020,1352.0
JAM,Jun 2020,1.0
JOR,Jun 2020,0.0
JPN,Jun 2020,74.0
KAZ,Jun 2020,148.0
KEN,Jun 2020,84.0
KGZ,Jun 2020,45.0
KHM,Jun 2020,0.0
KNA,Jun 2020,0.0
KOR,Jun 2020,11.0
KWT,Jun 2020,142.0
LAO,Jun 2020,0.0
LBN,Jun 2020,7.0
LBR,Jun 2020,9.0
LBY,Jun 2020,19.0
LCA,Jun 2020,0.0
LIE,Jun 2020,0.0
LKA,Jun 2020,1.0
LSO,Jun 2020,0.0
LTU,Jun 2020,8.0
LUX,Jun 2020,0.0
LVA,Jun 2020,6.0
MAR,Jun 2020,23.0
MCO,Jun 2020,0.0
MDA,Jun 2020,250.0
MDG,Jun 2020,14.0
MDV,Jun 2020,4.0
MEX,Jun 2020,17839.0
MKD,Jun 2020,169.0
MLI,Jun 2020,39.0
MLT,Jun 2020,0.0
MMR,Jun 2020,0.0
MNE,Jun 2020,3.0
MNG,Jun 2020,0.0
MOZ,Jun 2020,4.0
MRT,Jun 2020,106.0
MUS,Jun 2020,0.0
MWI,Jun 2020,10.0
MYS,Jun 2020,6.0
NAM,Jun 2020,0.0
NER,Jun 2020,3.0
NGA,Jun 2020,303.0
NIC,Jun 2020,48.0
NLD,Jun 2020,157.0
NOR,Jun 2020,14.0
NPL,Jun 2020,21.0
NZL,Jun 2020,0.0
OMN,Jun 2020,127.0
OWID_KOS,Jun 2020,19.0
OWID_WRL,Jun 2020,133834.0
PAK,Jun 2020,2852.0
PAN,Jun 2020,295.0
PER,Jun 2020,5171.0
PHL,Jun 2020,309.0
PNG,Jun 2020,0.0
POL,Jun 2020,399.0
PRT,Jun 2020,166.0
PRY,Jun 2020,6.0
PSE,Jun 2020,5.0
QAT,Jun 2020,75.0
ROU,Jun 2020,385.0
RUS,Jun 2020,4613.0
RWA,Jun 2020,1.0
SAU,Jun 2020,1146.0
SDN,Jun 2020,286.0
SEN,Jun 2020,70.0
SGP,Jun 2020,3.0
SLE,Jun 2020,14.0
SLV,Jun 2020,128.0
SMR,Jun 2020,0.0
SOM,Jun 2020,12.0
SRB,Jun 2020,34.0
SSD,Jun 2020,28.0
STP,Jun 2020,1.0
SUR,Jun 2020,12.0
SVK,Jun 2020,0.0
SVN,Jun 2020,3.0
SWE,Jun 2020,853.0
SWZ,Jun 2020,9.0
SYC,Jun 2020,0.0
SYR,Jun 2020,4.0
TCD,Jun 2020,9.0
TGO,Jun 2020,1.0
THA,Jun 2020,1.0
TJK,Jun 2020,5.0
TLS,Jun 2020,0.0
TTO,Jun 2020,0.0
TUN,Jun 2020,2.0
TUR,Jun 2020,591.0
TWN,Jun 2020,0.0
TZA,Jun 2020,0.0
UGA,Jun 2020,0.0
UKR,Jun 2020,465.0
URY,Jun 2020,5.0
USA,Jun 2020,20138.0
UZB,Jun 2020,11.0
VAT,Jun 2020,0.0
VCT,Jun 2020,0.0
VEN,Jun 2020,37.0
VNM,Jun 2020,0.0
YEM,Jun 2020,232.0
ZAF,Jun 2020,1974.0
ZMB,Jun 2020,17.0
ZWE,Jun 2020,3.0
AFG,Jul 2020,532.0
AGO,Jul 2020,39.0
ALB,Jul 2020,95.0
AND,Jul 2020,0.0
ARE,Jul 2020,36.0
ARG,Jul 2020,2236.0
ARM,Jul 2020,295.0
ATG,Jul 2020,0.0
AUS,Jul 2020,97.0
AUT,Jul 2020,13.0
AZE,Jul 2020,235.0
BDI,Jul 2020,0.0
BEL,Jul 2020,94.0
BEN,Jul 2020,15.0
BFA,Jul 2020,0.0
BGD,Jul 2020,1264.0
BGR,Jul 2020,153.0
BHR,Jul 2020,60.0
BHS,Jul 2020,3.0
BIH,Jul 2020,153.0
BLR,Jul 2020,167.0
BLZ,Jul 2020,0.0
BOL,Jul 2020,1854.0
BRA,Jul 2020,32881.0
BRB,Jul 2020,0.0
BRN,Jul 2020,0.0
BTN,Jul 2020,0.0
BWA,Jul 2020,1.0
CAF,Jul 2020,12.0
CAN,Jul 2020,330.0
CHE,Jul 2020,18.0
CHL,Jul 2020,3769.0
CHN,Jul 2020,20.0
CIV,Jul 2020,34.0
CMR,Jul 2020,78.0
COD,Jul 2020,45.0
COG,Jul 2020,17.0
COL,Jul 2020,6771.0
COM,Jul 2020,0.0
CPV,Jul 2020,8.0
CRI,Jul 2020,134.0
CUB,Jul 2020,1.0
CYP,Jul 2020,0.0
CZE,Jul 2020,33.0
DEU,Jul 2020,157.0
DJI,Jul 2020,4.0
DMA,Jul 2020,0.0
DNK,Jul 2020,10.0
DOM,Jul 2020,413.0
DZA,Jul 2020,298.0
ECU,Jul 2020,1175.0
EGY,Jul 2020,1852.0
ERI,Jul 2020,0.0
ESP,Jul 2020,90.0
EST,Jul 2020,0.0
ETH,Jul 2020,171.0
FIN,Jul 2020,1.0
FJI,Jul 2020,1.0
FRA,Jul 2020,422.0
GAB,Jul 2020,7.0
GBR,Jul 2020,795.0
GEO,Jul 2020,2.0
GHA,Jul 2020,70.0
GIN,Jul 2020,13.0
GMB,Jul 2020,7.0
GNB,Jul 2020,2.0
GNQ,Jul 2020,51.0
GRC,Jul 2020,14.0
GRD,Jul 2020,0.0
GTM,Jul 2020,1151.0
GUY,Jul 2020,8.0
HKG,Jul 2020,0.0
HND,Jul 2020,840.0
HRV,Jul 2020,38.0
HTI,Jul 2020,55.0
HUN,Jul 2020,11.0
IDN,Jul 2020,2255.0
IND,Jul 2020,19111.0
IRL,Jul 2020,27.0
IRN,Jul 2020,5949.0
IRQ,Jul 2020,2798.0
ISL,Jul 2020,0.0
ISR,Jul 2020,237.0
ITA,Jul 2020,374.0
JAM,Jul 2020,0.0
JOR,Jul 2020,2.0
JPN,Jul 2020,36.0
KAZ,Jul 2020,605.0
KEN,Jul 2020,193.0
KGZ,Jul 2020,1317.0
KHM,Jul 2020,0.0
KNA,Jul 2020,0.0
KOR,Jul 2020,19.0
KWT,Jul 2020,93.0
LAO,Jul 2020,0.0
LBN,Jul 2020,27.0
LBR,Jul 2020,39.0
LBY,Jul 2020,50.0
LCA,Jul 2020,0.0
LIE,Jul 2020,0.0
LKA,Jul 2020,0.0
LSO,Jul 2020,13.0
LTU,Jul 2020,2.0
LUX,Jul 2020,4.0
LVA,Jul 2020,2.0
MAR,Jul 2020,125.0
MCO,Jul 2020,0.0
MDA,Jul 2020,233.0
MDG,Jul 2020,86.0
MDV,Jul 2020,7.0
MEX,Jul 2020,18919.0
MKD,Jul 2020,184.0
MLI,Jul 2020,8.0
MLT,Jul 2020,0.0
MMR,Jul 2020,0.0
MNE,Jul 2020,36.0
MNG,Jul 2020,0.0
MOZ,Jul 2020,5.0
MRT,Jul 2020,28.0
MUS,Jul 2020,0.0
MWI,Jul 2020,100.0
MYS,Jul 2020,4.0
NAM,Jul 2020,10.0
NER,Jul 2020,2.0
NGA,Jul 2020,289.0
NIC,Jul 2020,33.0
NLD,Jul 2020,34.0
NOR,Jul 2020,5.0
NPL,Jul 2020,27.0
NZL,Jul 2020,0.0
OMN,Jul 2020,245.0
OWID_KOS,Jul 2020,178.0
OWID_WRL,Jul 2020,167286.0
PAK,Jul 2020,1556.0
PAN,Jul 2020,790.0
PER,Jul 2020,9344.0
PHL,Jul 2020,757.0
PNG,Jul 2020,2.0
POL,Jul 2020,253.0
PRT,Jul 2020,159.0
PRY,Jul 2020,32.0
PSE,Jul 2020,74.0
QAT,Jul 2020,61.0
ROU,Jul 2020,692.0
RUS,Jul 2020,4633.0
RWA,Jul 2020,3.0
SAU,Jul 2020,1217.0
SDN,Jul 2020,174.0
SEN,Jul 2020,93.0
SGP,Jul 2020,1.0
SLE,Jul 2020,7.0
SLV,Jul 2020,274.0
SMR,Jul 2020,0.0
SOM,Jul 2020,3.0
SRB,Jul 2020,296.0
SSD,Jul 2020,8.0
STP,Jul 2020,2.0
SUR,Jul 2020,13.0
SVK,Jul 2020,1.0
SVN,Jul 2020,8.0
SWE,Jul 2020,246.0
SWZ,Jul 2020,30.0
SYC,Jul 2020,0.0
SYR,Jul 2020,34.0
TCD,Jul 2020,1.0
TGO,Jul 2020,5.0
THA,Jul 2020,0.0
TJK,Jul 2020,8.0
TLS,Jul 2020,0.0
TTO,Jul 2020,0.0
TUN,Jul 2020,0.0
TUR,Jul 2020,560.0
TWN,Jul 2020,0.0
TZA,Jul 2020,0.0
UGA,Jul 2020,3.0
UKR,Jul 2020,544.0
URY,Jul 2020,8.0
USA,Jul 2020,26585.0
UZB,Jul 2020,115.0
VAT,Jul 2020,0.0
VCT,Jul 2020,0.0
VEN,Jul 2020,113.0
VNM,Jul 2020,3.0
YEM,Jul 2020,181.0
ZAF,Jul 2020,5348.0
ZMB,Jul 2020,127.0
ZWE,Jul 2020,60.0
AFG,Aug 2020,119.0
AGO,Aug 2020,56.0
ALB,Aug 2020,127.0
AND,Aug 2020,1.0
ARE,Aug 2020,33.0
ARG,Aug 2020,5117.0
ARM,Aug 2020,141.0
ATG,Aug 2020,0.0
AUS,Aug 2020,456.0
AUT,Aug 2020,15.0
AZE,Aug 2020,86.0
BDI,Aug 2020,0.0
BEL,Aug 2020,54.0
BEN,Aug 2020,4.0
BFA,Aug 2020,2.0
BGD,Aug 2020,1170.0
BGR,Aug 2020,246.0
BHR,Aug 2020,43.0
BHS,Aug 2020,36.0
BIH,Aug 2020,270.0
BLR,Aug 2020,122.0
BLZ,Aug 2020,11.0
BOL,Aug 2020,2050.0
BRA,Aug 2020,28906.0
BRB,Aug 2020,0.0
BRN,Aug 2020,0.0
BTN,Aug 2020,0.0
BWA,Aug 2020,4.0
CAF,Aug 2020,3.0
CAN,Aug 2020,193.0
CHE,Aug 2020,25.0
CHL,Aug 2020,1832.0
CHN,Aug 2020,62.0
CIV,Aug 2020,15.0
CMR,Aug 2020,20.0
COD,Aug 2020,43.0
COG,Aug 2020,24.0
COL,Aug 2020,9557.0
COM,Aug 2020,0.0
CPV,Aug 2020,17.0
CRI,Aug 2020,286.0
CUB,Aug 2020,7.0
CYP,Aug 2020,1.0
CZE,Aug 2020,42.0
DEU,Aug 2020,156.0
DJI,Aug 2020,2.0
DMA,Aug 2020,0.0
DNK,Aug 2020,9.0
DOM,Aug 2020,550.0
DZA,Aug 2020,300.0
ECU,Aug 2020,854.0
EGY,Aug 2020,616.0
ERI,Aug 2020,0.0
ESP,Aug 2020,649.0
EST,Aug 2020,-5.0
ETH,Aug 2020,535.0
FIN,Aug 2020,7.0
FJI,Aug 2020,1.0
FRA,Aug 2020,378.0
GAB,Aug 2020,4.0
GBR,Aug 2020,315.0
GEO,Aug 2020,2.0
GHA,Aug 2020,94.0
GIN,Aug 2020,13.0
GMB,Aug 2020,87.0
GNB,Aug 2020,8.0
GNQ,Aug 2020,0.0
GRC,Aug 2020,60.0
GRD,Aug 2020,0.0
GTM,Aug 2020,836.0
GUY,Aug 2020,19.0
HKG,Aug 2020,0.0
HND,Aug 2020,536.0
HRV,Aug 2020,41.0
HTI,Aug 2020,42.0
HUN,Aug 2020,19.0
IDN,Aug 2020,2286.0
IND,Aug 2020,28777.0
IRL,Aug 2020,14.0
IRN,Aug 2020,4805.0
IRQ,Aug 2020,2301.0
ISL,Aug 2020,0.0
ISR,Aug 2020,389.0
ITA,Aug 2020,342.0
JAM,Aug 2020,11.0
JOR,Aug 2020,4.0
JPN,Aug 2020,290.0
KAZ,Aug 2020,988.0
KEN,Aug 2020,236.0
KGZ,Aug 2020,-320.0
KHM,Aug 2020,0.0
KNA,Aug 2020,0.0
KOR,Aug 2020,23.0
KWT,Aug 2020,84.0
LAO,Aug 2020,0.0
LBN,Aug 2020,106.0
LBR,Aug 2020,7.0
LBY,Aug 2020,163.0
LCA,Aug 2020,0.0
LIE,Aug 2020,0.0
LKA,Aug 2020,1.0
LSO,Aug 2020,18.0
LTU,Aug 2020,6.0
LUX,Aug 2020,10.0
LVA,Aug 2020,2.0
MAR,Aug 2020,788.0
MCO,Aug 2020,0.0
MDA,Aug 2020,217.0
MDG,Aug 2020,86.0
MDV,Aug 2020,12.0
MEX,Aug 2020,17726.0
MKD,Aug 2020,117.0
MLI,Aug 2020,2.0
MLT,Aug 2020,3.0
MMR,Aug 2020,0.0
MNE,Aug 2020,52.0
MNG,Aug 2020,0.0
MOZ,Aug 2020,12.0
MRT,Aug 2020,2.0
MUS,Aug 2020,0.0
MWI,Aug 2020,61.0
MYS,Aug 2020,2.0
NAM,Aug 2020,65.0
NER,Aug 2020,0.0
NGA,Aug 2020,134.0
NIC,Aug 2020,21.0
NLD,Aug 2020,86.0
NOR,Aug 2020,9.0
NPL,Aug 2020,172.0
NZL,Aug 2020,0.0
OMN,Aug 2020,264.0
OWID_KOS,Aug 2020,298.0
OWID_WRL,Aug 2020,175451.0
PAK,Aug 2020,343.0
PAN,Aug 2020,581.0
PER,Aug 2020,9767.0
PHL,Aug 2020,1535.0
PNG,Aug 2020,3.0
POL,Aug 2020,323.0
PRT,Aug 2020,87.0
PRY,Aug 2020,277.0
PSE,Aug 2020,70.0
QAT,Aug 2020,23.0
ROU,Aug 2020,1278.0
RUS,Aug 2020,3189.0
RWA,Aug 2020,11.0
SAU,Aug 2020,1031.0
SDN,Aug 2020,77.0
SEN,Aug 2020,79.0
SGP,Aug 2020,0.0
SLE,Aug 2020,3.0
SLV,Aug 2020,269.0
SMR,Aug 2020,0.0
SOM,Aug 2020,5.0
SRB,Aug 2020,140.0
SSD,Aug 2020,1.0
STP,Aug 2020,0.0
SUR,Aug 2020,45.0
SVK,Aug 2020,4.0
SVN,Aug 2020,14.0
SWE,Aug 2020,70.0
SWZ,Aug 2020,50.0
SYC,Aug 2020,0.0
SYR,Aug 2020,69.0
TCD,Aug 2020,2.0
TGO,Aug 2020,9.0
THA,Aug 2020,0.0
TJK,Aug 2020,8.0
TLS,Aug 2020,0.0
TTO,Aug 2020,14.0
TUN,Aug 2020,27.0
TUR,Aug 2020,679.0
TWN,Aug 2020,0.0
TZA,Aug 2020,0.0
UGA,Aug 2020,29.0
UKR,Aug 2020,888.0
URY,Aug 2020,9.0
USA,Aug 2020,29525.0
UZB,Aug 2020,179.0
VAT,Aug 2020,0.0
VCT,Aug 2020,0.0
VEN,Aug 2020,222.0
VNM,Aug 2020,31.0
YEM,Aug 2020,73.0
ZAF,Aug 2020,6144.0
ZMB,Aug 2020,137.0
ZWE,Aug 2020,135.0
AFG,Sep 2020,57.0
AGO,Sep 2020,75.0
ALB,Sep 2020,103.0
AND,Sep 2020,0.0
ARE,Sep 2020,35.0
ARG,Sep 2020,8277.0
ARM,Sep 2020,80.0
ATG,Sep 2020,0.0
AUS,Sep 2020,231.0
AUT,Sep 2020,66.0
AZE,Sep 2020,57.0
BDI,Sep 2020,0.0
BEL,Sep 2020,121.0
BEN,Sep 2020,1.0
BFA,Sep 2020,3.0
BGD,Sep 2020,970.0
BGR,Sep 2020,196.0
BHR,Sep 2020,61.0
BHS,Sep 2020,46.0
BIH,Sep 2020,247.0
BLR,Sep 2020,152.0
BLZ,Sep 2020,14.0
BOL,Sep 2020,2938.0
BRA,Sep 2020,22571.0
BRB,Sep 2020,0.0
BRN,Sep 2020,0.0
BTN,Sep 2020,0.0
BWA,Sep 2020,10.0
CAF,Sep 2020,0.0
CAN,Sep 2020,173.0
CHE,Sep 2020,68.0
CHL,Sep 2020,1452.0
CHN,Sep 2020,16.0
CIV,Sep 2020,3.0
CMR,Sep 2020,7.0
COD,Sep 2020,14.0
COG,Sep 2020,11.0
COL,Sep 2020,6336.0
COM,Sep 2020,0.0
CPV,Sep 2020,20.0
CRI,Sep 2020,468.0
CUB,Sep 2020,28.0
CYP,Sep 2020,2.0
CZE,Sep 2020,231.0
DEU,Sep 2020,192.0
DJI,Sep 2020,1.0
DMA,Sep 2020,0.0
DNK,Sep 2020,26.0
DOM,Sep 2020,395.0
DZA,Sep 2020,226.0
ECU,Sep 2020,4799.0
EGY,Sep 2020,509.0
ERI,Sep 2020,0.0
ESP,Sep 2020,2697.0
EST,Sep 2020,0.0
ETH,Sep 2020,389.0
FIN,Sep 2020,8.0
FJI,Sep 2020,0.0
FRA,Sep 2020,1332.0
GAB,Sep 2020,1.0
GBR,Sep 2020,644.0
GEO,Sep 2020,20.0
GHA,Sep 2020,25.0
GIN,Sep 2020,7.0
GMB,Sep 2020,16.0
GNB,Sep 2020,5.0
GNQ,Sep 2020,0.0
GRC,Sep 2020,125.0
GRD,Sep 2020,0.0
GTM,Sep 2020,486.0
GUY,Sep 2020,41.0
HKG,Sep 2020,0.0
HND,Sep 2020,480.0
HRV,Sep 2020,94.0
HTI,Sep 2020,26.0
HUN,Sep 2020,150.0
IDN,Sep 2020,3323.0
IND,Sep 2020,33390.0
IRL,Sep 2020,27.0
IRN,Sep 2020,4598.0
IRQ,Sep 2020,2139.0
ISL,Sep 2020,0.0
ISR,Sep 2020,651.0
ITA,Sep 2020,411.0
JAM,Sep 2020,86.0
JOR,Sep 2020,46.0
JPN,Sep 2020,277.0
KAZ,Sep 2020,297.0
KEN,Sep 2020,134.0
KGZ,Sep 2020,6.0
KHM,Sep 2020,0.0
KNA,Sep 2020,0.0
KOR,Sep 2020,91.0
KWT,Sep 2020,79.0
LAO,Sep 2020,0.0
LBN,Sep 2020,200.0
LBR,Sep 2020,0.0
LBY,Sep 2020,314.0
LCA,Sep 2020,0.0
LIE,Sep 2020,0.0
LKA,Sep 2020,1.0
LSO,Sep 2020,5.0
LTU,Sep 2020,6.0
LUX,Sep 2020,0.0
LVA,Sep 2020,3.0
MAR,Sep 2020,1053.0
MCO,Sep 2020,-2.0
MDA,Sep 2020,325.0
MDG,Sep 2020,38.0
MDV,Sep 2020,6.0
MEX,Sep 2020,13232.0
MKD,Sep 2020,136.0
MLI,Sep 2020,5.0
MLT,Sep 2020,23.0
MMR,Sep 2020,304.0
MNE,Sep 2020,69.0
MNG,Sep 2020,0.0
MOZ,Sep 2020,38.0
MRT,Sep 2020,2.0
MUS,Sep 2020,0.0
MWI,Sep 2020,4.0
MYS,Sep 2020,9.0
NAM,Sep 2020,46.0
NER,Sep 2020,0.0
NGA,Sep 2020,99.0
NIC,Sep 2020,14.0
NLD,Sep 2020,205.0
NOR,Sep 2020,10.0
NPL,Sep 2020,270.0
NZL,Sep 2020,3.0
OMN,Sep 2020,250.0
OWID_KOS,Sep 2020,100.0
OWID_WRL,Sep 2020,163893.0
PAK,Sep 2020,190.0
PAN,Sep 2020,370.0
PER,Sep 2020,3608.0
PHL,Sep 2020,1946.0
PNG,Sep 2020,2.0
POL,Sep 2020,474.0
PRT,Sep 2020,149.0
PRY,Sep 2020,531.0
PSE,Sep 2020,159.0
QAT,Sep 2020,17.0
ROU,Sep 2020,1204.0
RUS,Sep 2020,3502.0
RWA,Sep 2020,13.0
SAU,Sep 2020,871.0
SDN,Sep 2020,13.0
SEN,Sep 2020,27.0
SGP,Sep 2020,0.0
SLE,Sep 2020,2.0
SLV,Sep 2020,126.0
SMR,Sep 2020,0.0
SOM,Sep 2020,1.0
SRB,Sep 2020,36.0
SSD,Sep 2020,2.0
STP,Sep 2020,0.0
SUR,Sep 2020,33.0
SVK,Sep 2020,15.0
SVN,Sep 2020,17.0
SWE,Sep 2020,53.0
SWZ,Sep 2020,18.0
SYC,Sep 2020,0.0
SYR,Sep 2020,88.0
TCD,Sep 2020,8.0
TGO,Sep 2020,20.0
THA,Sep 2020,1.0
TJK,Sep 2020,8.0
TLS,Sep 2020,0.0
TTO,Sep 2020,54.0
TUN,Sep 2020,188.0
TUR,Sep 2020,1825.0
TWN,Sep 2020,0.0
TZA,Sep 2020,0.0
UGA,Sep 2020,43.0
UKR,Sep 2020,1616.0
URY,Sep 2020,4.0
USA,Sep 2020,23433.0
UZB,Sep 2020,150.0
VAT,Sep 2020,0.0
VCT,Sep 2020,0.0
VEN,Sep 2020,242.0
VNM,Sep 2020,1.0
YEM,Sep 2020,21.0
ZAF,Sep 2020,2585.0
ZMB,Sep 2020,44.0
ZWE,Sep 2020,26.0
AFG,Oct 2020,78.0
AGO,Oct 2020,101.0
ALB,Oct 2020,122.0
AND,Oct 2020,22.0
ARE,Oct 2020,76.0
ARG,Oct 2020,14065.0
ARM,Oct 2020,382.0
ATG,Oct 2020,0.0
AUS,Oct 2020,19.0
AUT,Oct 2020,310.0
AZE,Oct 2020,139.0
BDI,Oct 2020,0.0
BEL,Oct 2020,1609.0
BEN,Oct 2020,0.0
BFA,Oct 2020,9.0
BGD,Oct 2020,672.0
BGR,Oct 2020,454.0
BHR,Oct 2020,70.0
BHS,Oct 2020,48.0
BIH,Oct 2020,378.0
BLR,Oct 2020,147.0
BLZ,Oct 2020,32.0
BOL,Oct 2020,760.0
BRA,Oct 2020,15932.0
BRB,Oct 2020,0.0
BRN,Oct 2020,0.0
BTN,Oct 2020,0.0
BWA,Oct 2020,8.0
CAF,Oct 2020,0.0
CAN,Oct 2020,841.0
CHE,Oct 2020,223.0
CHL,Oct 2020,1466.0
CHN,Oct 2020,0.0
CIV,Oct 2020,6.0
CMR,Oct 2020,8.0
COD,Oct 2020,35.0
COG,Oct 2020,3.0
COL,Oct 2020,5316.0
COM,Oct 2020,0.0
CPV,Oct 2020,35.0
CRI,Oct 2020,481.0
CUB,Oct 2020,6.0
CYP,Oct 2020,4.0
CZE,Oct 2020,2596.0
DEU,Oct 2020,988.0
DJI,Oct 2020,0.0
DMA,Oct 2020,0.0
DNK,Oct 2020,71.0
DOM,Oct 2020,140.0
DZA,Oct 2020,228.0
ECU,Oct 2020,1315.0
EGY,Oct 2020,336.0
ERI,Oct 2020,0.0
ESP,Oct 2020,4087.0
EST,Oct 2020,9.0
ETH,Oct 2020,271.0
FIN,Oct 2020,14.0
FJI,Oct 2020,0.0
FRA,Oct 2020,4849.0
GAB,Oct 2020,1.0
GBR,Oct 2020,4412.0
GEO,Oct 2020,268.0
GHA,Oct 2020,19.0
GIN,Oct 2020,6.0
GMB,Oct 2020,7.0
GNB,Oct 2020,2.0
GNQ,Oct 2020,0.0
GRC,Oct 2020,235.0
GRD,Oct 2020,0.0
GTM,Oct 2020,483.0
GUY,Oct 2020,44.0
HKG,Oct 2020,0.0
HND,Oct 2020,316.0
HRV,Oct 2020,266.0
HTI,Oct 2020,5.0
HUN,Oct 2020,985.0
IDN,Oct 2020,3129.0
IND,Oct 2020,23433.0
IRL,Oct 2020,109.0
IRN,Oct 2020,8695.0
IRQ,Oct 2020,1729.0
ISL,Oct 2020,2.0
ISR,Oct 2020,957.0
ITA,Oct 2020,2724.0
JAM,Oct 2020,99.0
JOR,Oct 2020,768.0
JPN,Oct 2020,194.0
KAZ,Oct 2020,148.0
KEN,Oct 2020,270.0
KGZ,Oct 2020,80.0
KHM,Oct 2020,0.0
KNA,Oct 2020,0.0
KOR,Oct 2020,51.0
KWT,Oct 2020,169.0
LAO,Oct 2020,0.0
LBN,Oct 2020,270.0
LBR,Oct 2020,0.0
LBY,Oct 2020,306.0
LCA,Oct 2020,0.0
LIE,Oct 2020,2.0
LKA,Oct 2020,7.0
LSO,Oct 2020,8.0
LTU,Oct 2020,73.0
LUX,Oct 2020,28.0
LVA,Oct 2020,34.0
MAR,Oct 2020,1501.0
MCO,Oct 2020,0.0
MDA,Oct 2020,465.0
MDG,Oct 2020,14.0
MDV,Oct 2020,4.0
MEX,Oct 2020,14107.0
MHL,Oct 2020,0.0
MKD,Oct 2020,255.0
MLI,Oct 2020,5.0
MLT,Oct 2020,27.0
MMR,Oct 2020,927.0
MNE,Oct 2020,132.0
MNG,Oct 2020,0.0
MOZ,Oct 2020,31.0
MRT,Oct 2020,2.0
MUS,Oct 2020,0.0
MWI,Oct 2020,5.0
MYS,Oct 2020,113.0
NAM,Oct 2020,12.0
NER,Oct 2020,0.0
NGA,Oct 2020,32.0
NIC,Oct 2020,5.0
NLD,Oct 2020,1002.0
NOR,Oct 2020,8.0
NPL,Oct 2020,439.0
NZL,Oct 2020,0.0
OMN,Oct 2020,273.0
OWID_KOS,Oct 2020,53.0
OWID_WRL,Oct 2020,181314.0
PAK,Oct 2020,339.0
PAN,Oct 2020,328.0
PER,Oct 2020,2015.0
PHL,Oct 2020,1717.0
PNG,Oct 2020,0.0
POL,Oct 2020,3118.0
PRT,Oct 2020,536.0
PRY,Oct 2020,547.0
PSE,Oct 2020,172.0
QAT,Oct 2020,18.0
ROU,Oct 2020,2143.0
RUS,Oct 2020,7157.0
RWA,Oct 2020,6.0
SAU,Oct 2020,634.0
SDN,Oct 2020,1.0
SEN,Oct 2020,13.0
SGP,Oct 2020,1.0
SLB,Oct 2020,0.0
SLE,Oct 2020,2.0
SLV,Oct 2020,132.0
SMR,Oct 2020,0.0
SOM,Oct 2020,5.0
SRB,Oct 2020,71.0
SSD,Oct 2020,9.0
STP,Oct 2020,1.0
SUR,Oct 2020,7.0
SVK,Oct 2020,171.0
SVN,Oct 2020,188.0
SWE,Oct 2020,151.0
SWZ,Oct 2020,8.0
SYC,Oct 2020,0.0
SYR,Oct 2020,88.0
TCD,Oct 2020,13.0
TGO,Oct 2020,9.0
THA,Oct 2020,0.0
TJK,Oct 2020,6.0
TLS,Oct 2020,0.0
TTO,Oct 2020,32.0
TUN,Oct 2020,1052.0
TUR,Oct 2020,2057.0
TWN,Oct 2020,0.0
TZA,Oct 2020,0.0
UGA,Oct 2020,36.0
UKR,Oct 2020,3178.0
URY,Oct 2020,10.0
USA,Oct 2020,23984.0
UZB,Oct 2020,96.0
VAT,Oct 2020,0.0
VCT,Oct 2020,0.0
VEN,Oct 2020,170.0
VNM,Oct 2020,0.0
YEM,Oct 2020,12.0
ZAF,Oct 2020,2542.0
ZMB,Oct 2020,17.0
ZWE,Oct 2020,15.0
AFG,Nov 2020,257.0
AGO,Nov 2020,64.0
ALB,Nov 2020,301.0
AND,Nov 2020,1.0
ARE,Nov 2020,77.0
ARG,Nov 2020,7728.0
ARM,Nov 2020,823.0
ATG,Nov 2020,1.0
AUS,Nov 2020,1.0
AUT,Nov 2020,2075.0
AZE,Nov 2020,662.0
BDI,Nov 2020,0.0
BEL,Nov 2020,5020.0
BEN,Nov 2020,2.0
BFA,Nov 2020,1.0
BGD,Nov 2020,721.0
BGR,Nov 2020,2756.0
BHR,Nov 2020,20.0
BHS,Nov 2020,19.0
BIH,Nov 2020,1447.0
BLR,Nov 2020,178.0
BLZ,Nov 2020,89.0
BOL,Nov 2020,232.0
BRA,Nov 2020,13236.0
BRB,Nov 2020,0.0
BRN,Nov 2020,0.0
BTN,Nov 2020,0.0
BWA,Nov 2020,10.0
CAF,Nov 2020,1.0
CAN,Nov 2020,1960.0
CHE,Nov 2020,2518.0
CHL,Nov 2020,1203.0
CHN,Nov 2020,4.0
CIV,Nov 2020,6.0
CMR,Nov 2020,11.0
COD,Nov 2020,26.0
COG,Nov 2020,2.0
COL,Nov 2020,5452.0
COM,Nov 2020,0.0
CPV,Nov 2020,10.0
CRI,Nov 2020,341.0
CUB,Nov 2020,7.0
CYP,Nov 2020,23.0
CZE,Nov 2020,5044.0
DEU,Nov 2020,6211.0
DJI,Nov 2020,0.0
DMA,Nov 2020,0.0
DNK,Nov 2020,116.0
DOM,Nov 2020,86.0
DZA,Nov 2020,467.0
ECU,Nov 2020,791.0
EGY,Nov 2020,384.0
ERI,Nov 2020,0.0
ESP,Nov 2020,9191.0
EST,Nov 2020,45.0
ETH,Nov 2020,237.0
FIN,Nov 2020,41.0
FJI,Nov 2020,0.0
FRA,Nov 2020,15992.0
GAB,Nov 2020,5.0
GBR,Nov 2020,11900.0
GEO,Nov 2020,960.0
GHA,Nov 2020,3.0
GIN,Nov 2020,4.0
GMB,Nov 2020,4.0
GNB,Nov 2020,3.0
GNQ,Nov 2020,2.0
GRC,Nov 2020,1780.0
GRD,Nov 2020,0.0
GTM,Nov 2020,442.0
GUY,Nov 2020,27.0
HKG,Nov 2020,0.0
HND,Nov 2020,249.0
HRV,Nov 2020,1240.0
HTI,Nov 2020,0.0
HUN,Nov 2020,3073.0
IDN,Nov 2020,3076.0
IND,Nov 2020,15510.0
IRL,Nov 2020,140.0
IRN,Nov 2020,13382.0
IRQ,Nov 2020,1348.0
ISL,Nov 2020,14.0
ISR,Nov 2020,311.0
ITA,Nov 2020,16958.0
JAM,Nov 2020,51.0
JOR,Nov 2020,1922.0
JPN,Nov 2020,307.0
KAZ,Nov 2020,207.0
KEN,Nov 2020,488.0
KGZ,Nov 2020,131.0
KHM,Nov 2020,0.0
KNA,Nov 2020,0.0
KOR,Nov 2020,60.0
KWT,Nov 2020,101.0
LAO,Nov 2020,0.0
LBN,Nov 2020,381.0
LBR,Nov 2020,1.0
LBY,Nov 2020,326.0
LCA,Nov 2020,2.0
LIE,Nov 2020,13.0
LKA,Nov 2020,98.0
LSO,Nov 2020,0.0
LTU,Nov 2020,341.0
LUX,Nov 2020,169.0
LVA,Nov 2020,135.0
MAR,Nov 2020,2151.0
MCO,Nov 2020,1.0
MDA,Nov 2020,519.0
MDG,Nov 2020,7.0
MDV,Nov 2020,8.0
MEX,Nov 2020,14187.0
MHL,Nov 2020,0.0
MKD,Nov 2020,769.0
MLI,Nov 2020,20.0
MLT,Nov 2020,75.0
MMR,Nov 2020,704.0
MNE,Nov 2020,198.0
MNG,Nov 2020,0.0
MOZ,Nov 2020,39.0
MRT,Nov 2020,14.0
MUS,Nov 2020,0.0
MWI,Nov 2020,1.0
MYS,Nov 2020,111.0
NAM,Nov 2020,18.0
NER,Nov 2020,3.0
NGA,Nov 2020,29.0
NIC,Nov 2020,4.0
NLD,Nov 2020,1994.0
NOR,Nov 2020,50.0
NPL,Nov 2020,571.0
NZL,Nov 2020,0.0
OMN,Nov 2020,215.0
OWID_KOS,Nov 2020,338.0
OWID_WRL,Nov 2020,272964.0
PAK,Nov 2020,1268.0
PAN,Nov 2020,379.0
PER,Nov 2020,1512.0
PHL,Nov 2020,1171.0
PNG,Nov 2020,0.0
POL,Nov 2020,11519.0
PRT,Nov 2020,1998.0
PRY,Nov 2020,352.0
PSE,Nov 2020,249.0
QAT,Nov 2020,5.0
ROU,Nov 2020,4363.0
RUS,Nov 2020,11704.0
RWA,Nov 2020,14.0
SAU,Nov 2020,494.0
SDN,Nov 2020,412.0
SEN,Nov 2020,9.0
SGP,Nov 2020,1.0
SLB,Nov 2020,0.0
SLE,Nov 2020,0.0
SLV,Nov 2020,139.0
SMR,Nov 2020,4.0
SOM,Nov 2020,9.0
SRB,Nov 2020,784.0
SSD,Nov 2020,3.0
STP,Nov 2020,1.0
SUR,Nov 2020,6.0
SVK,Nov 2020,620.0
SVN,Nov 2020,1097.0
SWE,Nov 2020,1230.0
SWZ,Nov 2020,5.0
SYC,Nov 2020,0.0
SYR,Nov 2020,129.0
TCD,Nov 2020,3.0
TGO,Nov 2020,7.0
THA,Nov 2020,1.0
TJK,Nov 2020,4.0
TLS,Nov 2020,0.0
TTO,Nov 2020,12.0
TUN,Nov 2020,1943.0
TUR,Nov 2020,3494.0
TWN,Nov 2020,0.0
TZA,Nov 2020,0.0
UGA,Nov 2020,94.0
UKR,Nov 2020,5332.0
URY,Nov 2020,19.0
USA,Nov 2020,37049.0
UZB,Nov 2020,44.0
VAT,Nov 2020,0.0
VCT,Nov 2020,0.0
VEN,Nov 2020,99.0
VNM,Nov 2020,0.0
VUT,Nov 2020,0.0
WSM,Nov 2020,0.0
YEM,Nov 2020,6.0
ZAF,Nov 2020,2259.0
ZMB,Nov 2020,8.0
ZWE,Nov 2020,33.0
AFG,Dec 2020,396.0
AGO,Dec 2020,57.0
ALB,Dec 2020,371.0
AND,Dec 2020,8.0
ARE,Dec 2020,97.0
ARG,Dec 2020,4515.0
ARM,Dec 2020,659.0
ATG,Dec 2020,1.0
AUS,Dec 2020,1.0
AUT,Dec 2020,3038.0
AZE,Dec 2020,1249.0
BDI,Dec 2020,1.0
BEL,Dec 2020,2883.0
BEN,Dec 2020,1.0
BFA,Dec 2020,17.0
BGD,Dec 2020,915.0
BGR,Dec 2020,3541.0
BHR,Dec 2020,11.0
BHS,Dec 2020,7.0
BIH,Dec 2020,1369.0
BLR,Dec 2020,266.0
BLZ,Dec 2020,100.0
BOL,Dec 2020,208.0
BRA,Dec 2020,21829.0
BRB,Dec 2020,0.0
BRN,Dec 2020,0.0
BTN,Dec 2020,0.0
BWA,Dec 2020,8.0
CAF,Dec 2020,0.0
CAN,Dec 2020,3485.0
CHE,Dec 2020,2830.0
CHL,Dec 2020,1198.0
CHN,Dec 2020,39.0
CIV,Dec 2020,5.0
CMR,Dec 2020,11.0
COD,Dec 2020,258.0
COG,Dec 2020,14.0
COL,Dec 2020,6447.0
COM,Dec 2020,3.0
CPV,Dec 2020,8.0
CRI,Dec 2020,459.0
CUB,Dec 2020,11.0
CYP,Dec 2020,70.0
CZE,Dec 2020,3285.0
DEU,Dec 2020,17097.0
DJI,Dec 2020,0.0
DMA,Dec 2020,0.0
DNK,Dec 2020,461.0
DOM,Dec 2020,83.0
DZA,Dec 2020,325.0
ECU,Dec 2020,573.0
EGY,Dec 2020,981.0
ERI,Dec 2020,3.0
ESP,Dec 2020,5768.0
EST,Dec 2020,111.0
ETH,Dec 2020,217.0
FIN,Dec 2020,162.0
FJI,Dec 2020,0.0
FRA,Dec 2020,11940.0
GAB,Dec 2020,4.0
GBR,Dec 2020,15077.0
GEO,Dec 2020,1238.0
GHA,Dec 2020,12.0
GIN,Dec 2020,5.0
GMB,Dec 2020,1.0
GNB,Dec 2020,1.0
GNQ,Dec 2020,1.0
GRC,Dec 2020,2432.0
GRD,Dec 2020,0.0
GTM,Dec 2020,642.0
GUY,Dec 2020,13.0
HKG,Dec 2020,0.0
HND,Dec 2020,212.0
HRV,Dec 2020,2134.0
HTI,Dec 2020,4.0
HUN,Dec 2020,4714.0
IDN,Dec 2020,5193.0
IND,Dec 2020,11117.0
IRL,Dec 2020,184.0
IRN,Dec 2020,6977.0
IRQ,Dec 2020,555.0
ISL,Dec 2020,3.0
ISR,Dec 2020,453.0
ITA,Dec 2020,18583.0
JAM,Dec 2020,45.0
JOR,Dec 2020,1083.0
JPN,Dec 2020,1216.0
KAZ,Dec 2020,328.0
KEN,Dec 2020,201.0
KGZ,Dec 2020,80.0
KHM,Dec 2020,0.0
KNA,Dec 2020,0.0
KOR,Dec 2020,391.0
KWT,Dec 2020,54.0
LAO,Dec 2020,0.0
LBN,Dec 2020,450.0
LBR,Dec 2020,0.0
LBY,Dec 2020,295.0
LCA,Dec 2020,3.0
LIE,Dec 2020,23.0
LKA,Dec 2020,86.0
LSO,Dec 2020,7.0
LTU,Dec 2020,952.0
LUX,Dec 2020,174.0
LVA,Dec 2020,429.0
MAR,Dec 2020,1542.0
MCO,Dec 2020,0.0
MDA,Dec 2020,681.0
MDG,Dec 2020,10.0
MDV,Dec 2020,2.0
MEX,Dec 2020,19867.0
MHL,Dec 2020,0.0
MKD,Dec 2020,740.0
MLI,Dec 2020,113.0
MLT,Dec 2020,82.0
MMR,Dec 2020,741.0
MNE,Dec 2020,183.0
MNG,Dec 2020,1.0
MOZ,Dec 2020,35.0
MRT,Dec 2020,170.0
MUS,Dec 2020,0.0
MWI,Dec 2020,4.0
MYS,Dec 2020,111.0
NAM,Dec 2020,54.0
NER,Dec 2020,32.0
NGA,Dec 2020,116.0
NIC,Dec 2020,5.0
NLD,Dec 2020,2072.0
NOR,Dec 2020,104.0
NPL,Dec 2020,348.0
NZL,Dec 2020,0.0
OMN,Dec 2020,76.0
OWID_KOS,Dec 2020,316.0
OWID_WRL,Dec 2020,350008.0
PAK,Dec 2020,2085.0
PAN,Dec 2020,943.0
PER,Dec 2020,1757.0
PHL,Dec 2020,852.0
PNG,Dec 2020,2.0
POL,Dec 2020,11404.0
PRT,Dec 2020,2401.0
PRY,Dec 2020,506.0
PSE,Dec 2020,668.0
QAT,Dec 2020,8.0
ROU,Dec 2020,4436.0
RUS,Dec 2020,16780.0
RWA,Dec 2020,43.0
SAU,Dec 2020,327.0
SDN,Dec 2020,219.0
SEN,Dec 2020,77.0
SGP,Dec 2020,0.0
SLB,Dec 2020,0.0
SLE,Dec 2020,2.0
SLV,Dec 2020,213.0
SMR,Dec 2020,13.0
SOM,Dec 2020,17.0
SRB,Dec 2020,1607.0
SSD,Dec 2020,2.0
STP,Dec 2020,0.0
SUR,Dec 2020,5.0
SVK,Dec 2020,1299.0
SVN,Dec 2020,1262.0
SWE,Dec 2020,2584.0
SWZ,Dec 2020,83.0
SYC,Dec 2020,0.0
SYR,Dec 2020,294.0
TCD,Dec 2020,3.0
TGO,Dec 2020,4.0
THA,Dec 2020,3.0
TJK,Dec 2020,4.0
TLS,Dec 2020,0.0
TTO,Dec 2020,7.0
TUN,Dec 2020,1416.0
TUR,Dec 2020,7135.0
TWN,Dec 2020,0.0
TZA,Dec 2020,0.0
UGA,Dec 2020,46.0
UKR,Dec 2020,6550.0
URY,Dec 2020,104.0
USA,Dec 2020,77486.0
UZB,Dec 2020,4.0
VAT,Dec 2020,0.0
VCT,Dec 2020,0.0
VEN,Dec 2020,131.0
VNM,Dec 2020,0.0
VUT,Dec 2020,0.0
WSM,Dec 2020,0.0
YEM,Dec 2020,5.0
ZAF,Dec 2020,6934.0
ZMB,Dec 2020,31.0
ZWE,Dec 2020,87.0
AFG,Jan 2021,198.0
AGO,Jan 2021,57.0
ALB,Jan 2021,151.0
AND,Jan 2021,13.0
ARE,Jan 2021,136.0
ARG,Jan 2021,4008.0
ARM,Jan 2021,229.0
ATG,Jan 2021,1.0
AUS,Jan 2021,0.0
AUT,Jan 2021,1293.0
AZE,Jan 2021,459.0
BDI,Jan 2021,0.0
BEL,Jan 2021,1351.0
BEN,Jan 2021,4.0
BFA,Jan 2021,33.0
BGD,Jan 2021,496.0
BGR,Jan 2021,1340.0
BHR,Jan 2021,18.0
BHS,Jan 2021,5.0
BIH,Jan 2021,571.0
BLR,Jan 2021,244.0
BLZ,Jan 2021,45.0
BOL,Jan 2021,940.0
BRA,Jan 2021,23929.0
BRB,Jan 2021,3.0
BRN,Jan 2021,0.0
BTN,Jan 2021,1.0
BWA,Jan 2021,82.0
CAF,Jan 2021,0.0
CAN,Jan 2021,3349.0
CHE,Jan 2021,1559.0
CHL,Jan 2021,1415.0
CHN,Jan 2021,27.0
CIV,Jan 2021,10.0
CMR,Jan 2021,14.0
COD,Jan 2021,70.0
COG,Jan 2021,9.0
COL,Jan 2021,8915.0
COM,Jan 2021,67.0
CPV,Jan 2021,16.0
CRI,Jan 2021,382.0
CUB,Jan 2021,54.0
CYP,Jan 2021,71.0
CZE,Jan 2021,4038.0
DEU,Jan 2021,19828.0
DJI,Jan 2021,1.0
DMA,Jan 2021,0.0
DNK,Jan 2021,733.0
DOM,Jan 2021,150.0
DZA,Jan 2021,115.0
ECU,Jan 2021,634.0
EGY,Jan 2021,1436.0
ERI,Jan 2021,4.0
ESP,Jan 2021,5957.0
EST,Jan 2021,163.0
ETH,Jan 2021,152.0
FIN,Jan 2021,94.0
FJI,Jan 2021,0.0
FRA,Jan 2021,9491.0
FSM,Jan 2021,0.0
GAB,Jan 2021,3.0
GBR,Jan 2021,26737.0
GEO,Jan 2021,591.0
GHA,Jan 2021,37.0
GIN,Jan 2021,1.0
GMB,Jan 2021,4.0
GNB,Jan 2021,0.0
GNQ,Jan 2021,0.0
GRC,Jan 2021,854.0
GRD,Jan 2021,1.0
GTM,Jan 2021,673.0
GUY,Jan 2021,8.0
HKG,Jan 2021,0.0
HND,Jan 2021,356.0
HRV,Jan 2021,962.0
HTI,Jan 2021,7.0
HUN,Jan 2021,2576.0
IDN,Jan 2021,6330.0
IND,Jan 2021,4986.0
IRL,Jan 2021,829.0
IRN,Jan 2021,2337.0
IRQ,Jan 2021,197.0
ISL,Jan 2021,0.0
ISR,Jan 2021,1188.0
ITA,Jan 2021,12263.0
JAM,Jan 2021,37.0
JOR,Jan 2021,414.0
JPN,Jan 2021,2006.0
KAZ,Jan 2021,274.0
KEN,Jan 2021,80.0
KGZ,Jan 2021,50.0
KHM,Jan 2021,0.0
KNA,Jan 2021,0.0
KOR,Jan 2021,461.0
KWT,Jan 2021,23.0
LAO,Jan 2021,0.0
LBN,Jan 2021,1009.0
LBR,Jan 2021,1.0
LBY,Jan 2021,311.0
LCA,Jan 2021,8.0
LIE,Jan 2021,13.0
LKA,Jan 2021,84.0
LSO,Jan 2021,95.0
LTU,Jan 2021,1230.0
LUX,Jan 2021,75.0
LVA,Jan 2021,491.0
MAR,Jan 2021,799.0
MCO,Jan 2021,6.0
MDA,Jan 2021,396.0
MDG,Jan 2021,18.0
MDV,Jan 2021,3.0
MEX,Jan 2021,26209.0
MHL,Jan 2021,0.0
MKD,Jan 2021,309.0
MLI,Jan 2021,58.0
MLT,Jan 2021,36.0
MMR,Jan 2021,400.0
MNE,Jan 2021,95.0
MNG,Jan 2021,1.0
MOZ,Jan 2021,163.0
MRT,Jan 2021,71.0
MUS,Jan 2021,0.0
MWI,Jan 2021,351.0
MYS,Jan 2021,229.0
NAM,Jan 2021,123.0
NER,Jan 2021,49.0
NGA,Jan 2021,233.0
NIC,Jan 2021,4.0
NLD,Jan 2021,2247.0
NOR,Jan 2021,114.0
NPL,Jan 2021,161.0
NZL,Jan 2021,0.0
OMN,Jan 2021,25.0
OWID_KOS,Jan 2021,134.0
OWID_WRL,Jan 2021,338204.0
PAK,Jan 2021,1274.0
PAN,Jan 2021,1115.0
PER,Jan 2021,2427.0
PHL,Jan 2021,1142.0
PNG,Jan 2021,0.0
POL,Jan 2021,7111.0
PRT,Jan 2021,4106.0
PRY,Jan 2021,389.0
PSE,Jan 2021,403.0
QAT,Jan 2021,3.0
ROU,Jan 2021,2171.0
RUS,Jan 2021,13120.0
RWA,Jan 2021,89.0
SAU,Jan 2021,136.0
SDN,Jan 2021,282.0
SEN,Jan 2021,182.0
SGP,Jan 2021,0.0
SLB,Jan 2021,0.0
SLE,Jan 2021,1.0
SLV,Jan 2021,256.0
SMR,Jan 2021,6.0
SOM,Jan 2021,0.0
SRB,Jan 2021,713.0
SSD,Jan 2021,1.0
STP,Jan 2021,0.0
SUR,Jan 2021,28.0
SVK,Jan 2021,2122.0
SVN,Jan 2021,709.0
SWE,Jan 2021,1578.0
SWZ,Jan 2021,312.0
SYC,Jan 2021,3.0
SYR,Jan 2021,184.0
TCD,Jan 2021,12.0
TGO,Jan 2021,8.0
THA,Jan 2021,12.0
TJK,Jan 2021,0.0
TLS,Jan 2021,0.0
TTO,Jan 2021,7.0
TUN,Jan 2021,1694.0
TUR,Jan 2021,4463.0
TWN,Jan 2021,0.0
TZA,Jan 2021,0.0
UGA,Jan 2021,67.0
UKR,Jan 2021,3867.0
URY,Jan 2021,220.0
USA,Jan 2021,79297.0
UZB,Jan 2021,7.0
VAT,Jan 2021,0.0
VCT,Jan 2021,2.0
VEN,Jan 2021,131.0
VNM,Jan 2021,0.0
VUT,Jan 2021,0.0
WSM,Jan 2021,0.0
YEM,Jan 2021,5.0
ZAF,Jan 2021,13328.0
ZMB,Jan 2021,284.0
ZWE,Jan 2021,740.0
